id,order_id,user_id,items,total,status,created_at,dispenser_id,nfc
1,d213917c-8331-4784-887a-4bae9c727d22,5,"[{"name": "Vuala", "price": "10", "quantity": 1, "subtotal": 1, "product_id": "2", "no_apartado": 3}, {"name": "Skwintles", "price": "15", "quantity": 1, "subtotal": 15, "product_id": "3", "no_apartado": 2}, {"name": "Hershey", "price": "25", "quantity": 1, "subtotal": 25, "product_id": "4", "no_apartado": 1}]",11.60,paid,"2025-07-22 18:52:45",Dispensador_001,NULL
2,a1b2c3d4-e5f6-4789-8123-000000000001,1,"[{"name": "Coca Cola", "price": "20", "quantity": 2, "subtotal": 40, "product_id": "1", "no_apartado": 5}]",40.00,dispensed,"2025-01-03 09:15:00",Dispensador_001,NULL
3,a1b2c3d4-e5f6-4789-8123-000000000002,3,"[{"name": "Vuala", "price": "10", "quantity": 3, "subtotal": 30, "product_id": "2", "no_apartado": 3}, {"name": "Skwintles", "price": "15", "quantity": 1, "subtotal": 15, "product_id": "3", "no_apartado": 2}]",45.00,dispensed,"2025-01-03 14:30:00",Dispensador_001,NULL
4,a1b2c3d4-e5f6-4789-8123-000000000003,7,"[{"name": "Hershey", "price": "25", "quantity": 2, "subtotal": 50, "product_id": "4", "no_apartado": 1}]",50.00,dispensed,"2025-01-05 11:45:00",Dispensador_001,NULL
5,a1b2c3d4-e5f6-4789-8123-000000000004,2,"[{"name": "Doritos", "price": "18", "quantity": 1, "subtotal": 18, "product_id": "5", "no_apartado": 4}, {"name": "Coca Cola", "price": "20", "quantity": 1, "subtotal": 20, "product_id": "1", "no_apartado": 5}]",38.00,dispensed,"2025-01-08 16:20:00",Dispensador_001,NULL
6,a1b2c3d4-e5f6-4789-8123-000000000005,9,"[{"name": "Vuala", "price": "10", "quantity": 1, "subtotal": 10, "product_id": "2", "no_apartado": 3}]",10.00,dispensed,"2025-01-10 10:00:00",Dispensador_001,NULL
7,a1b2c3d4-e5f6-4789-8123-000000000006,4,"[{"name": "Skwintles", "price": "15", "quantity": 2, "subtotal": 30, "product_id": "3", "no_apartado": 2}, {"name": "Hershey", "price": "25", "quantity": 1, "subtotal": 25, "product_id": "4", "no_apartado": 1}]",55.00,dispensed,"2025-01-12 13:45:00",Dispensador_001,NULL
8,a1b2c3d4-e5f6-4789-8123-000000000007,6,"[{"name": "Coca Cola", "price": "20", "quantity": 3, "subtotal": 60, "product_id": "1", "no_apartado": 5}]",60.00,dispensed,"2025-01-15 15:30:00",Dispensador_001,NULL
9,a1b2c3d4-e5f6-4789-8123-000000000008,8,"[{"name": "Doritos", "price": "18", "quantity": 2, "subtotal": 36, "product_id": "5", "no_apartado": 4}, {"name": "Vuala", "price": "10", "quantity": 1, "subtotal": 10, "product_id": "2", "no_apartado": 3}]",46.00,dispensed,"2025-01-18 12:15:00",Dispensador_001,NULL
10,a1b2c3d4-e5f6-4789-8123-000000000009,11,"[{"name": "Hershey", "price": "25", "quantity": 1, "subtotal": 25, "product_id": "4", "no_apartado": 1}, {"name": "Skwintles", "price": "15", "quantity": 1, "subtotal": 15, "product_id": "3", "no_apartado": 2}]",40.00,dispensed,"2025-01-20 17:00:00",Dispensador_001,NULL
11,a1b2c3d4-e5f6-4789-8123-000000000010,5,"[{"name": "Coca Cola", "price": "20", "quantity": 1, "subtotal": 20, "product_id": "1", "no_apartado": 5}, {"name": "Doritos", "price": "18", "quantity": 1, "subtotal": 18, "product_id": "5", "no_apartado": 4}, {"name": "Vuala", "price": "10", "quantity": 1, "subtotal": 10, "product_id": "2", "no_apartado": 3}]",48.00,dispensed,"2025-01-22 09:30:00",Dispensador_001,NULL
12,a1b2c3d4-e5f6-4789-8123-000000000011,1,"[{"name": "Skwintles", "price": "15", "quantity": 3, "subtotal": 45, "product_id": "3", "no_apartado": 2}]",45.00,dispensed,"2025-01-25 14:45:00",Dispensador_001,NULL
13,a1b2c3d4-e5f6-4789-8123-000000000012,10,"[{"name": "Hershey", "price": "25", "quantity": 2, "subtotal": 50, "product_id": "4", "no_apartado": 1}, {"name": "Coca Cola", "price": "20", "quantity": 1, "subtotal": 20, "product_id": "1", "no_apartado": 5}]",70.00,dispensed,"2025-01-28 11:20:00",Dispensador_001,NULL
14,a1b2c3d4-e5f6-4789-8123-000000000013,3,"[{"name": "Doritos", "price": "18", "quantity": 1, "subtotal": 18, "product_id": "5", "no_apartado": 4}]",18.00,dispensed,"2025-02-02 10:15:00",Dispensador_001,NULL
15,a1b2c3d4-e5f6-4789-8123-000000000014,7,"[{"name": "Vuala", "price": "10", "quantity": 2, "subtotal": 20, "product_id": "2", "no_apartado": 3}, {"name": "Skwintles", "price": "15", "quantity": 2, "subtotal": 30, "product_id": "3", "no_apartado": 2}]",50.00,dispensed,"2025-02-05 15:45:00",Dispensador_001,NULL
16,a1b2c3d4-e5f6-4789-8123-000000000015,2,"[{"name": "Coca Cola", "price": "20", "quantity": 4, "subtotal": 80, "product_id": "1", "no_apartado": 5}]",80.00,dispensed,"2025-02-08 13:30:00",Dispensador_001,NULL
17,a1b2c3d4-e5f6-4789-8123-000000000016,9,"[{"name": "Hershey", "price": "25", "quantity": 1, "subtotal": 25, "product_id": "4", "no_apartado": 1}, {"name": "Doritos", "price": "18", "quantity": 1, "subtotal": 18, "product_id": "5", "no_apartado": 4}]",43.00,dispensed,"2025-02-10 16:00:00",Dispensador_001,NULL
18,a1b2c3d4-e5f6-4789-8123-000000000017,4,"[{"name": "Skwintles", "price": "15", "quantity": 1, "subtotal": 15, "product_id": "3", "no_apartado": 2}, {"name": "Vuala", "price": "10", "quantity": 3, "subtotal": 30, "product_id": "2", "no_apartado": 3}]",45.00,dispensed,"2025-02-12 12:20:00",Dispensador_001,NULL
19,a1b2c3d4-e5f6-4789-8123-000000000018,6,"[{"name": "Coca Cola", "price": "20", "quantity": 2, "subtotal": 40, "product_id": "1", "no_apartado": 5}, {"name": "Hershey", "price": "25", "quantity": 1, "subtotal": 25, "product_id": "4", "no_apartado": 1}]",65.00,dispensed,"2025-02-14 09:45:00",Dispensador_001,NULL
20,a1b2c3d4-e5f6-4789-8123-000000000019,8,"[{"name": "Doritos", "price": "18", "quantity": 3, "subtotal": 54, "product_id": "5", "no_apartado": 4}]",54.00,dispensed,"2025-02-16 14:15:00",Dispensador_001,NULL
21,a1b2c3d4-e5f6-4789-8123-000000000020,11,"[{"name": "Vuala", "price": "10", "quantity": 1, "subtotal": 10, "product_id": "2", "no_apartado": 3}, {"name": "Skwintles", "price": "15", "quantity": 2, "subtotal": 30, "product_id": "3", "no_apartado": 2}, {"name": "Coca Cola", "price": "20", "quantity": 1, "subtotal": 20, "product_id": "1", "no_apartado": 5}]",60.00,dispensed,"2025-02-18 11:30:00",Dispensador_001,NULL
22,a1b2c3d4-e5f6-4789-8123-000000000021,5,"[{"name": "Hershey", "price": "25", "quantity": 3, "subtotal": 75, "product_id": "4", "no_apartado": 1}]",75.00,dispensed,"2025-02-20 17:45:00",Dispensador_001,NULL
23,a1b2c3d4-e5f6-4789-8123-000000000022,1,"[{"name": "Doritos", "price": "18", "quantity": 1, "subtotal": 18, "product_id": "5", "no_apartado": 4}, {"name": "Vuala", "price": "10", "quantity": 2, "subtotal": 20, "product_id": "2", "no_apartado": 3}]",38.00,dispensed,"2025-02-22 13:00:00",Dispensador_001,NULL
24,a1b2c3d4-e5f6-4789-8123-000000000023,10,"[{"name": "Coca Cola", "price": "20", "quantity": 1, "subtotal": 20, "product_id": "1", "no_apartado": 5}, {"name": "Skwintles", "price": "15", "quantity": 1, "subtotal": 15, "product_id": "3", "no_apartado": 2}]",35.00,dispensed,"2025-02-25 10:30:00",Dispensador_001,NULL
25,a1b2c3d4-e5f6-4789-8123-000000000024,3,"[{"name": "Hershey", "price": "25", "quantity": 2, "subtotal": 50, "product_id": "4", "no_apartado": 1}, {"name": "Doritos", "price": "18", "quantity": 2, "subtotal": 36, "product_id": "5", "no_apartado": 4}]",86.00,dispensed,"2025-02-28 16:15:00",Dispensador_001,NULL
26,a1b2c3d4-e5f6-4789-8123-000000000025,7,"[{"name": "Vuala", "price": "10", "quantity": 4, "subtotal": 40, "product_id": "2", "no_apartado": 3}]",40.00,dispensed,"2025-03-03 09:20:00",Dispensador_001,NULL
27,a1b2c3d4-e5f6-4789-8123-000000000026,2,"[{"name": "Skwintles", "price": "15", "quantity": 3, "subtotal": 45, "product_id": "3", "no_apartado": 2}, {"name": "Coca Cola", "price": "20", "quantity": 2, "subtotal": 40, "product_id": "1", "no_apartado": 5}]",85.00,dispensed,"2025-03-05 14:45:00",Dispensador_001,NULL
28,a1b2c3d4-e5f6-4789-8123-000000000027,9,"[{"name": "Hershey", "price": "25", "quantity": 1, "subtotal": 25, "product_id": "4", "no_apartado": 1}]",25.00,dispensed,"2025-03-08 11:00:00",Dispensador_001,NULL
29,a1b2c3d4-e5f6-4789-8123-000000000028,4,"[{"name": "Doritos", "price": "18", "quantity": 2, "subtotal": 36, "product_id": "5", "no_apartado": 4}, {"name": "Vuala", "price": "10", "quantity": 1, "subtotal": 10, "product_id": "2", "no_apartado": 3}]",46.00,dispensed,"2025-03-10 15:30:00",Dispensador_001,NULL
30,a1b2c3d4-e5f6-4789-8123-000000000029,6,"[{"name": "Coca Cola", "price": "20", "quantity": 3, "subtotal": 60, "product_id": "1", "no_apartado": 5}, {"name": "Skwintles", "price": "15", "quantity": 1, "subtotal": 15, "product_id": "3", "no_apartado": 2}]",75.00,dispensed,"2025-03-12 12:45:00",Dispensador_001,NULL
31,a1b2c3d4-e5f6-4789-8123-000000000030,8,"[{"name": "Hershey", "price": "25", "quantity": 2, "subtotal": 50, "product_id": "4", "no_apartado": 1}, {"name": "Doritos", "price": "18", "quantity": 1, "subtotal": 18, "product_id": "5", "no_apartado": 4}]",68.00,dispensed,"2025-03-15 16:20:00",Dispensador_001,NULL
32,a1b2c3d4-e5f6-4789-8123-000000000031,11,"[{"name": "Vuala", "price": "10", "quantity": 2, "subtotal": 20, "product_id": "2", "no_apartado": 3}, {"name": "Coca Cola", "price": "20", "quantity": 2, "subtotal": 40, "product_id": "1", "no_apartado": 5}]",60.00,dispensed,"2025-04-02 10:15:00",Dispensador_001,NULL
33,a1b2c3d4-e5f6-4789-8123-000000000032,5,"[{"name": "Skwintles", "price": "15", "quantity": 4, "subtotal": 60, "product_id": "3", "no_apartado": 2}]",60.00,dispensed,"2025-04-05 13:30:00",Dispensador_001,NULL
34,a1b2c3d4-e5f6-4789-8123-000000000033,1,"[{"name": "Hershey", "price": "25", "quantity": 1, "subtotal": 25, "product_id": "4", "no_apartado": 1}, {"name": "Doritos", "price": "18", "quantity": 2, "subtotal": 36, "product_id": "5", "no_apartado": 4}]",61.00,dispensed,"2025-04-08 15:45:00",Dispensador_001,NULL
35,a1b2c3d4-e5f6-4789-8123-000000000034,10,"[{"name": "Coca Cola", "price": "20", "quantity": 5, "subtotal": 100, "product_id": "1", "no_apartado": 5}]",100.00,dispensed,"2025-04-10 09:00:00",Dispensador_001,NULL
36,a1b2c3d4-e5f6-4789-8123-000000000035,3,"[{"name": "Vuala", "price": "10", "quantity": 1, "subtotal": 10, "product_id": "2", "no_apartado": 3}, {"name": "Skwintles", "price": "15", "quantity": 2, "subtotal": 30, "product_id": "3", "no_apartado": 2}]",40.00,dispensed,"2025-04-12 14:20:00",Dispensador_001,NULL
37,a1b2c3d4-e5f6-4789-8123-000000000036,7,"[{"name": "Hershey", "price": "25", "quantity": 3, "subtotal": 75, "product_id": "4", "no_apartado": 1}]",75.00,dispensed,"2025-04-15 11:40:00",Dispensador_001,NULL
38,a1b2c3d4-e5f6-4789-8123-000000000037,2,"[{"name": "Doritos", "price": "18", "quantity": 3, "subtotal": 54, "product_id": "5", "no_apartado": 4}, {"name": "Coca Cola", "price": "20", "quantity": 1, "subtotal": 20, "product_id": "1", "no_apartado": 5}]",74.00,dispensed,"2025-05-03 16:30:00",Dispensador_001,NULL
39,a1b2c3d4-e5f6-4789-8123-000000000038,9,"[{"name": "Vuala", "price": "10", "quantity": 3, "subtotal": 30, "product_id": "2", "no_apartado": 3}, {"name": "Skwintles", "price": "15", "quantity": 1, "subtotal": 15, "product_id": "3", "no_apartado": 2}]",45.00,dispensed,"2025-05-06 12:15:00",Dispensador_001,NULL
40,a1b2c3d4-e5f6-4789-8123-000000000039,4,"[{"name": "Hershey", "price": "25", "quantity": 2, "subtotal": 50, "product_id": "4", "no_apartado": 1}, {"name": "Doritos", "price": "18", "quantity": 1, "subtotal": 18, "product_id": "5", "no_apartado": 4}]",68.00,dispensed,"2025-05-09 10:45:00",Dispensador_001,NULL
41,a1b2c3d4-e5f6-4789-8123-000000000040,6,"[{"name": "Coca Cola", "price": "20", "quantity": 2, "subtotal": 40, "product_id": "1", "no_apartado": 5}, {"name": "Vuala", "price": "10", "quantity": 2, "subtotal": 20, "product_id": "2", "no_apartado": 3}]",60.00,dispensed,"2025-05-12 14:00:00",Dispensador_001,NULL
42,a1b2c3d4-e5f6-4789-8123-000000000041,8,"[{"name": "Skwintles", "price": "15", "quantity": 2, "subtotal": 30, "product_id": "3", "no_apartado": 2}]",30.00,dispensed,"2025-05-15 17:20:00",Dispensador_001,NULL
43,a1b2c3d4-e5f6-4789-8123-000000000042,11,"[{"name": "Hershey", "price": "25", "quantity": 4, "subtotal": 100, "product_id": "4", "no_apartado": 1}]",100.00,dispensed,"2025-06-02 11:30:00",Dispensador_001,NULL
44,a1b2c3d4-e5f6-4789-8123-000000000043,5,"[{"name": "Doritos", "price": "18", "quantity": 2, "subtotal": 36, "product_id": "5", "no_apartado": 4}, {"name": "Coca Cola", "price": "20", "quantity": 3, "subtotal": 60, "product_id": "1", "no_apartado": 5}]",96.00,dispensed,"2025-06-05 15:45:00",Dispensador_001,NULL
45,a1b2c3d4-e5f6-4789-8123-000000000044,1,"[{"name": "Vuala", "price": "10", "quantity": 5, "subtotal": 50, "product_id": "2", "no_apartado": 3}]",50.00,dispensed,"2025-06-08 09:20:00",Dispensador_001,NULL
46,a1b2c3d4-e5f6-4789-8123-000000000045,10,"[{"name": "Skwintles", "price": "15", "quantity": 3, "subtotal": 45, "product_id": "3", "no_apartado": 2}, {"name": "Hershey", "price": "25", "quantity": 1, "subtotal": 25, "product_id": "4", "no_apartado": 1}]",70.00,dispensed,"2025-06-10 13:15:00",Dispensador_001,NULL
47,a1b2c3d4-e5f6-4789-8123-000000000046,3,"[{"name": "Coca Cola", "price": "20", "quantity": 4, "subtotal": 80, "product_id": "1", "no_apartado": 5}, {"name": "Doritos", "price": "18", "quantity": 1, "subtotal": 18, "product_id": "5", "no_apartado": 4}]",98.00,dispensed,"2025-06-12 16:40:00",Dispensador_001,NULL
48,a1b2c3d4-e5f6-4789-8123-000000000047,7,"[{"name": "Vuala", "price": "10", "quantity": 2, "subtotal": 20, "product_id": "2", "no_apartado": 3}, {"name": "Skwintles", "price": "15", "quantity": 2, "subtotal": 30, "product_id": "3", "no_apartado": 2}]",50.00,dispensed,"2025-07-03 10:30:00",Dispensador_001,NULL
49,a1b2c3d4-e5f6-4789-8123-000000000048,2,"[{"name": "Hershey", "price": "25", "quantity": 2, "subtotal": 50, "product_id": "4", "no_apartado": 1}, {"name": "Coca Cola", "price": "20", "quantity": 2, "subtotal": 40, "product_id": "1", "no_apartado": 5}]",90.00,dispensed,"2025-07-05 14:45:00",Dispensador_001,NULL
50,a1b2c3d4-e5f6-4789-8123-000000000049,9,"[{"name": "Doritos", "price": "18", "quantity": 4, "subtotal": 72, "product_id": "5", "no_apartado": 4}]",72.00,dispensed,"2025-07-08 12:20:00",Dispensador_001,NULL
51,a1b2c3d4-e5f6-4789-8123-000000000050,4,"[{"name": "Vuala", "price": "10", "quantity": 1, "subtotal": 10, "product_id": "2", "no_apartado": 3}, {"name": "Skwintles", "price": "15", "quantity": 3, "subtotal": 45, "product_id": "3", "no_apartado": 2}, {"name": "Hershey", "price": "25", "quantity": 1, "subtotal": 25, "product_id": "4", "no_apartado": 1}]",80.00,dispensed,"2025-07-10 15:15:00",Dispensador_001,NULL
52,a1b2c3d4-e5f6-4789-8123-000000000051,6,"[{"name": "Coca Cola", "price": "20", "quantity": 3, "subtotal": 60, "product_id": "1", "no_apartado": 5}]",60.00,dispensed,"2025-07-15 11:00:00",Dispensador_001,NULL
53,a1b2c3d4-e5f6-4789-8123-000000000052,8,"[{"name": "Doritos", "price": "18", "quantity": 2, "subtotal": 36, "product_id": "5", "no_apartado": 4}, {"name": "Vuala", "price": "10", "quantity": 2, "subtotal": 20, "product_id": "2", "no_apartado": 3}]",56.00,dispensed,"2025-07-18 16:30:00",Dispensador_001,NULL
54,a1b2c3d4-e5f6-4789-8123-000000000053,11,"[{"name": "Hershey", "price": "25", "quantity": 3, "subtotal": 75, "product_id": "4", "no_apartado": 1}, {"name": "Skwintles", "price": "15", "quantity": 1, "subtotal": 15, "product_id": "3", "no_apartado": 2}]",90.00,dispensed,"2025-07-20 13:45:00",Dispensador_001,NULL
55,a1b2c3d4-e5f6-4789-8123-000000000054,5,"[{"name": "Coca Cola", "price": "20", "quantity": 1, "subtotal": 20, "product_id": "1", "no_apartado": 5}, {"name": "Doritos", "price": "18", "quantity": 1, "subtotal": 18, "product_id": "5", "no_apartado": 4}, {"name": "Vuala", "price": "10", "quantity": 1, "subtotal": 10, "product_id": "2", "no_apartado": 3}]",48.00,dispensed,"2025-07-22 10:20:00",Dispensador_001,NULL
56,a1b2c3d4-e5f6-4789-8123-000000000055,1,"[{"name": "Skwintles", "price": "15", "quantity": 2, "subtotal": 30, "product_id": "3", "no_apartado": 2}]",30.00,pending,"2025-07-23 09:00:00",Dispensador_001,NULL
57,a1b2c3d4-e5f6-4789-8123-000000000056,10,"[{"name": "Hershey", "price": "25", "quantity": 1, "subtotal": 25, "product_id": "4", "no_apartado": 1}]",25.00,paid,"2025-07-23 10:15:00",Dispensador_001,NULL
58,a1b2c3d4-e5f6-4789-8123-000000000057,3,"[{"name": "Coca Cola", "price": "20", "quantity": 2, "subtotal": 40, "product_id": "1", "no_apartado": 5}]",40.00,cancelled,"2025-07-23 11:30:00",Dispensador_001,NULL
59,a1b2c3d4-e5f6-4789-8123-000000000058,7,"[{"name": "Doritos", "price": "18", "quantity": 1, "subtotal": 18, "product_id": "5", "no_apartado": 4}, {"name": "Vuala", "price": "10", "quantity": 3, "subtotal": 30, "product_id": "2", "no_apartado": 3}]",48.00,dispensed,"2025-07-01 08:15:00",Dispensador_001,NULL
60,a1b2c3d4-e5f6-4789-8123-000000000059,2,"[{"name": "Skwintles", "price": "15", "quantity": 1, "subtotal": 15, "product_id": "3", "no_apartado": 2}, {"name": "Hershey", "price": "25", "quantity": 2, "subtotal": 50, "product_id": "4", "no_apartado": 1}]",65.00,dispensed,"2025-07-02 19:45:00",Dispensador_001,NULL
61,a1b2c3d4-e5f6-4789-8123-000000000060,9,"[{"name": "Coca Cola", "price": "20", "quantity": 2, "subtotal": 40, "product_id": "1", "no_apartado": 5}, {"name": "Doritos", "price": "18", "quantity": 2, "subtotal": 36, "product_id": "5", "no_apartado": 4}]",76.00,dispensed,"2025-07-03 21:20:00",Dispensador_001,NULL
62,a1b2c3d4-e5f6-4789-8123-000000000061,4,"[{"name": "Coca Cola", "price": "20", "quantity": 2, "subtotal": 40, "product_id": "1", "no_apartado": 5}, {"name": "Doritos", "price": "18", "quantity": 1, "subtotal": 18, "product_id": "5", "no_apartado": 4}]",58.00,dispensed,"2025-01-04 18:30:00",Dispensador_001,NULL
63,a1b2c3d4-e5f6-4789-8123-000000000062,8,"[{"name": "Vuala", "price": "10", "quantity": 4, "subtotal": 40, "product_id": "2", "no_apartado": 3}]",40.00,dispensed,"2025-01-06 20:15:00",Dispensador_001,NULL
64,a1b2c3d4-e5f6-4789-8123-000000000063,11,"[{"name": "Skwintles", "price": "15", "quantity": 1, "subtotal": 15, "product_id": "3", "no_apartado": 2}, {"name": "Hershey", "price": "25", "quantity": 1, "subtotal": 25, "product_id": "4", "no_apartado": 1}]",40.00,dispensed,"2025-01-07 14:20:00",Dispensador_001,NULL
65,a1b2c3d4-e5f6-4789-8123-000000000064,3,"[{"name": "Coca Cola", "price": "20", "quantity": 1, "subtotal": 20, "product_id": "1", "no_apartado": 5}]",20.00,dispensed,"2025-01-11 07:45:00",Dispensador_001,NULL
66,a1b2c3d4-e5f6-4789-8123-000000000065,6,"[{"name": "Doritos", "price": "18", "quantity": 3, "subtotal": 54, "product_id": "5", "no_apartado": 4}, {"name": "Vuala", "price": "10", "quantity": 1, "subtotal": 10, "product_id": "2", "no_apartado": 3}]",64.00,dispensed,"2025-01-14 22:30:00",Dispensador_001,NULL
67,a1b2c3d4-e5f6-4789-8123-000000000066,1,"[{"name": "Hershey", "price": "25", "quantity": 2, "subtotal": 50, "product_id": "4", "no_apartado": 1}]",50.00,dispensed,"2025-01-16 16:45:00",Dispensador_001,NULL
68,a1b2c3d4-e5f6-4789-8123-000000000067,9,"[{"name": "Skwintles", "price": "15", "quantity": 2, "subtotal": 30, "product_id": "3", "no_apartado": 2}, {"name": "Coca Cola", "price": "20", "quantity": 2, "subtotal": 40, "product_id": "1", "no_apartado": 5}]",70.00,dispensed,"2025-01-19 11:15:00",Dispensador_001,NULL
69,a1b2c3d4-e5f6-4789-8123-000000000068,5,"[{"name": "Doritos", "price": "18", "quantity": 1, "subtotal": 18, "product_id": "5", "no_apartado": 4}, {"name": "Vuala", "price": "10", "quantity": 2, "subtotal": 20, "product_id": "2", "no_apartado": 3}, {"name": "Hershey", "price": "25", "quantity": 1, "subtotal": 25, "product_id": "4", "no_apartado": 1}]",63.00,dispensed,"2025-01-23 19:00:00",Dispensador_001,NULL
70,a1b2c3d4-e5f6-4789-8123-000000000069,7,"[{"name": "Coca Cola", "price": "20", "quantity": 4, "subtotal": 80, "product_id": "1", "no_apartado": 5}]",80.00,dispensed,"2025-01-26 13:30:00",Dispensador_001,NULL
71,a1b2c3d4-e5f6-4789-8123-000000000070,2,"[{"name": "Skwintles", "price": "15", "quantity": 3, "subtotal": 45, "product_id": "3", "no_apartado": 2}, {"name": "Doritos", "price": "18", "quantity": 2, "subtotal": 36, "product_id": "5", "no_apartado": 4}]",81.00,dispensed,"2025-01-29 15:45:00",Dispensador_001,NULL
72,a1b2c3d4-e5f6-4789-8123-000000000071,10,"[{"name": "Vuala", "price": "10", "quantity": 5, "subtotal": 50, "product_id": "2", "no_apartado": 3}]",50.00,dispensed,"2025-02-01 08:20:00",Dispensador_001,NULL
73,a1b2c3d4-e5f6-4789-8123-000000000072,4,"[{"name": "Hershey", "price": "25", "quantity": 1, "subtotal": 25, "product_id": "4", "no_apartado": 1}, {"name": "Coca Cola", "price": "20", "quantity": 1, "subtotal": 20, "product_id": "1", "no_apartado": 5}]",45.00,dispensed,"2025-02-03 17:40:00",Dispensador_001,NULL
74,a1b2c3d4-e5f6-4789-8123-000000000073,8,"[{"name": "Skwintles", "price": "15", "quantity": 4, "subtotal": 60, "product_id": "3", "no_apartado": 2}]",60.00,dispensed,"2025-02-06 21:15:00",Dispensador_001,NULL
75,a1b2c3d4-e5f6-4789-8123-000000000074,11,"[{"name": "Doritos", "price": "18", "quantity": 2, "subtotal": 36, "product_id": "5", "no_apartado": 4}, {"name": "Vuala", "price": "10", "quantity": 2, "subtotal": 20, "product_id": "2", "no_apartado": 3}]",56.00,dispensed,"2025-02-09 12:50:00",Dispensador_001,NULL
76,a1b2c3d4-e5f6-4789-8123-000000000075,1,"[{"name": "Coca Cola", "price": "20", "quantity": 3, "subtotal": 60, "product_id": "1", "no_apartado": 5}, {"name": "Hershey", "price": "25", "quantity": 2, "subtotal": 50, "product_id": "4", "no_apartado": 1}]",110.00,dispensed,"2025-02-11 09:25:00",Dispensador_001,NULL
77,a1b2c3d4-e5f6-4789-8123-000000000076,6,"[{"name": "Skwintles", "price": "15", "quantity": 1, "subtotal": 15, "product_id": "3", "no_apartado": 2}, {"name": "Doritos", "price": "18", "quantity": 1, "subtotal": 18, "product_id": "5", "no_apartado": 4}]",33.00,dispensed,"2025-02-13 18:10:00",Dispensador_001,NULL
78,a1b2c3d4-e5f6-4789-8123-000000000077,3,"[{"name": "Vuala", "price": "10", "quantity": 3, "subtotal": 30, "product_id": "2", "no_apartado": 3}, {"name": "Coca Cola", "price": "20", "quantity": 1, "subtotal": 20, "product_id": "1", "no_apartado": 5}]",50.00,dispensed,"2025-02-15 14:35:00",Dispensador_001,NULL
79,a1b2c3d4-e5f6-4789-8123-000000000078,9,"[{"name": "Hershey", "price": "25", "quantity": 3, "subtotal": 75, "product_id": "4", "no_apartado": 1}]",75.00,dispensed,"2025-02-17 20:45:00",Dispensador_001,NULL
80,a1b2c3d4-e5f6-4789-8123-000000000079,5,"[{"name": "Doritos", "price": "18", "quantity": 1, "subtotal": 18, "product_id": "5", "no_apartado": 4}, {"name": "Skwintles", "price": "15", "quantity": 2, "subtotal": 30, "product_id": "3", "no_apartado": 2}]",48.00,dispensed,"2025-02-19 11:20:00",Dispensador_001,NULL
81,a1b2c3d4-e5f6-4789-8123-000000000080,7,"[{"name": "Coca Cola", "price": "20", "quantity": 2, "subtotal": 40, "product_id": "1", "no_apartado": 5}, {"name": "Vuala", "price": "10", "quantity": 1, "subtotal": 10, "product_id": "2", "no_apartado": 3}]",50.00,dispensed,"2025-02-21 16:55:00",Dispensador_001,NULL
82,a1b2c3d4-e5f6-4789-8123-000000000081,2,"[{"name": "Hershey", "price": "25", "quantity": 1, "subtotal": 25, "product_id": "4", "no_apartado": 1}, {"name": "Doritos", "price": "18", "quantity": 3, "subtotal": 54, "product_id": "5", "no_apartado": 4}]",79.00,dispensed,"2025-02-23 13:40:00",Dispensador_001,NULL
83,a1b2c3d4-e5f6-4789-8123-000000000082,10,"[{"name": "Skwintles", "price": "15", "quantity": 2, "subtotal": 30, "product_id": "3", "no_apartado": 2}, {"name": "Coca Cola", "price": "20", "quantity": 3, "subtotal": 60, "product_id": "1", "no_apartado": 5}]",90.00,dispensed,"2025-02-26 19:15:00",Dispensador_001,NULL
84,a1b2c3d4-e5f6-4789-8123-000000000083,4,"[{"name": "Vuala", "price": "10", "quantity": 2, "subtotal": 20, "product_id": "2", "no_apartado": 3}, {"name": "Hershey", "price": "25", "quantity": 1, "subtotal": 25, "product_id": "4", "no_apartado": 1}]",45.00,dispensed,"2025-03-01 10:30:00",Dispensador_001,NULL
85,a1b2c3d4-e5f6-4789-8123-000000000084,8,"[{"name": "Doritos", "price": "18", "quantity": 4, "subtotal": 72, "product_id": "5", "no_apartado": 4}]",72.00,dispensed,"2025-03-04 15:25:00",Dispensador_001,NULL
86,a1b2c3d4-e5f6-4789-8123-000000000085,11,"[{"name": "Coca Cola", "price": "20", "quantity": 1, "subtotal": 20, "product_id": "1", "no_apartado": 5}, {"name": "Skwintles", "price": "15", "quantity": 1, "subtotal": 15, "product_id": "3", "no_apartado": 2}]",35.00,dispensed,"2025-03-06 08:45:00",Dispensador_001,NULL
87,a1b2c3d4-e5f6-4789-8123-000000000086,1,"[{"name": "Vuala", "price": "10", "quantity": 3, "subtotal": 30, "product_id": "2", "no_apartado": 3}, {"name": "Hershey", "price": "25", "quantity": 2, "subtotal": 50, "product_id": "4", "no_apartado": 1}]",80.00,dispensed,"2025-03-09 17:15:00",Dispensador_001,NULL
88,a1b2c3d4-e5f6-4789-8123-000000000087,6,"[{"name": "Doritos", "price": "18", "quantity": 1, "subtotal": 18, "product_id": "5", "no_apartado": 4}, {"name": "Coca Cola", "price": "20", "quantity": 4, "subtotal": 80, "product_id": "1", "no_apartado": 5}]",98.00,dispensed,"2025-03-11 21:40:00",Dispensador_001,NULL
89,a1b2c3d4-e5f6-4789-8123-000000000088,3,"[{"name": "Skwintles", "price": "15", "quantity": 5, "subtotal": 75, "product_id": "3", "no_apartado": 2}]",75.00,dispensed,"2025-03-13 12:55:00",Dispensador_001,NULL
90,a1b2c3d4-e5f6-4789-8123-000000000089,9,"[{"name": "Vuala", "price": "10", "quantity": 1, "subtotal": 10, "product_id": "2", "no_apartado": 3}, {"name": "Hershey", "price": "25", "quantity": 1, "subtotal": 25, "product_id": "4", "no_apartado": 1}]",35.00,dispensed,"2025-03-14 09:20:00",Dispensador_001,NULL
91,a1b2c3d4-e5f6-4789-8123-000000000090,5,"[{"name": "Coca Cola", "price": "20", "quantity": 2, "subtotal": 40, "product_id": "1", "no_apartado": 5}, {"name": "Doritos", "price": "18", "quantity": 2, "subtotal": 36, "product_id": "5", "no_apartado": 4}]",76.00,dispensed,"2025-03-16 18:10:00",Dispensador_001,NULL
92,a1b2c3d4-e5f6-4789-8123-000000000091,7,"[{"name": "Skwintles", "price": "15", "quantity": 2, "subtotal": 30, "product_id": "3", "no_apartado": 2}, {"name": "Vuala", "price": "10", "quantity": 2, "subtotal": 20, "product_id": "2", "no_apartado": 3}]",50.00,dispensed,"2025-03-17 14:35:00",Dispensador_001,NULL
93,a1b2c3d4-e5f6-4789-8123-000000000092,2,"[{"name": "Hershey", "price": "25", "quantity": 4, "subtotal": 100, "product_id": "4", "no_apartado": 1}]",100.00,dispensed,"2025-04-01 11:45:00",Dispensador_001,NULL
94,a1b2c3d4-e5f6-4789-8123-000000000093,10,"[{"name": "Coca Cola", "price": "20", "quantity": 1, "subtotal": 20, "product_id": "1", "no_apartado": 5}, {"name": "Doritos", "price": "18", "quantity": 1, "subtotal": 18, "product_id": "5", "no_apartado": 4}]",38.00,dispensed,"2025-04-03 16:20:00",Dispensador_001,NULL
95,a1b2c3d4-e5f6-4789-8123-000000000094,4,"[{"name": "Vuala", "price": "10", "quantity": 4, "subtotal": 40, "product_id": "2", "no_apartado": 3}, {"name": "Skwintles", "price": "15", "quantity": 1, "subtotal": 15, "product_id": "3", "no_apartado": 2}]",55.00,dispensed,"2025-04-06 07:50:00",Dispensador_001,NULL
96,a1b2c3d4-e5f6-4789-8123-000000000095,8,"[{"name": "Hershey", "price": "25", "quantity": 2, "subtotal": 50, "product_id": "4", "no_apartado": 1}, {"name": "Coca Cola", "price": "20", "quantity": 2, "subtotal": 40, "product_id": "1", "no_apartado": 5}]",90.00,dispensed,"2025-04-09 19:30:00",Dispensador_001,NULL
97,a1b2c3d4-e5f6-4789-8123-000000000096,11,"[{"name": "Doritos", "price": "18", "quantity": 3, "subtotal": 54, "product_id": "5", "no_apartado": 4}]",54.00,dispensed,"2025-04-11 13:15:00",Dispensador_001,NULL
98,a1b2c3d4-e5f6-4789-8123-000000000097,1,"[{"name": "Skwintles", "price": "15", "quantity": 2, "subtotal": 30, "product_id": "3", "no_apartado": 2}, {"name": "Vuala", "price": "10", "quantity": 1, "subtotal": 10, "product_id": "2", "no_apartado": 3}]",40.00,dispensed,"2025-04-13 20:45:00",Dispensador_001,NULL
99,a1b2c3d4-e5f6-4789-8123-000000000098,6,"[{"name": "Coca Cola", "price": "20", "quantity": 3, "subtotal": 60, "product_id": "1", "no_apartado": 5}, {"name": "Hershey", "price": "25", "quantity": 1, "subtotal": 25, "product_id": "4", "no_apartado": 1}]",85.00,dispensed,"2025-04-14 10:30:00",Dispensador_001,NULL
100,a1b2c3d4-e5f6-4789-8123-000000000099,3,"[{"name": "Doritos", "price": "18", "quantity": 2, "subtotal": 36, "product_id": "5", "no_apartado": 4}, {"name": "Skwintles", "price": "15", "quantity": 3, "subtotal": 45, "product_id": "3", "no_apartado": 2}]",81.00,dispensed,"2025-04-16 15:25:00",Dispensador_001,NULL
101,a1b2c3d4-e5f6-4789-8123-000000000100,9,"[{"name": "Vuala", "price": "10", "quantity": 5, "subtotal": 50, "product_id": "2", "no_apartado": 3}]",50.00,dispensed,"2025-05-01 08:40:00",Dispensador_001,NULL
102,a1b2c3d4-e5f6-4789-8123-000000000101,5,"[{"name": "Coca Cola", "price": "20", "quantity": 1, "subtotal": 20, "product_id": "1", "no_apartado": 5}, {"name": "Hershey", "price": "25", "quantity": 2, "subtotal": 50, "product_id": "4", "no_apartado": 1}]",70.00,dispensed,"2025-05-04 17:55:00",Dispensador_001,NULL
103,a1b2c3d4-e5f6-4789-8123-000000000102,7,"[{"name": "Doritos", "price": "18", "quantity": 1, "subtotal": 18, "product_id": "5", "no_apartado": 4}, {"name": "Skwintles", "price": "15", "quantity": 4, "subtotal": 60, "product_id": "3", "no_apartado": 2}]",78.00,dispensed,"2025-05-07 12:20:00",Dispensador_001,NULL
104,a1b2c3d4-e5f6-4789-8123-000000000103,2,"[{"name": "Vuala", "price": "10", "quantity": 2, "subtotal": 20, "product_id": "2", "no_apartado": 3}, {"name": "Coca Cola", "price": "20", "quantity": 3, "subtotal": 60, "product_id": "1", "no_apartado": 5}]",80.00,dispensed,"2025-05-10 21:10:00",Dispensador_001,NULL
105,a1b2c3d4-e5f6-4789-8123-000000000104,10,"[{"name": "Hershey", "price": "25", "quantity": 1, "subtotal": 25, "product_id": "4", "no_apartado": 1}, {"name": "Doritos", "price": "18", "quantity": 2, "subtotal": 36, "product_id": "5", "no_apartado": 4}]",61.00,dispensed,"2025-05-13 09:35:00",Dispensador_001,NULL
106,a1b2c3d4-e5f6-4789-8123-000000000105,4,"[{"name": "Skwintles", "price": "15", "quantity": 1, "subtotal": 15, "product_id": "3", "no_apartado": 2}, {"name": "Vuala", "price": "10", "quantity": 3, "subtotal": 30, "product_id": "2", "no_apartado": 3}]",45.00,dispensed,"2025-05-16 18:25:00",Dispensador_001,NULL
107,a1b2c3d4-e5f6-4789-8123-000000000106,8,"[{"name": "Coca Cola", "price": "20", "quantity": 4, "subtotal": 80, "product_id": "1", "no_apartado": 5}]",80.00,dispensed,"2025-05-18 14:50:00",Dispensador_001,NULL
108,a1b2c3d4-e5f6-4789-8123-000000000107,11,"[{"name": "Doritos", "price": "18", "quantity": 2, "subtotal": 36, "product_id": "5", "no_apartado": 4}, {"name": "Hershey", "price": "25", "quantity": 1, "subtotal": 25, "product_id": "4", "no_apartado": 1}]",61.00,dispensed,"2025-06-01 11:15:00",Dispensador_001,NULL
109,a1b2c3d4-e5f6-4789-8123-000000000108,1,"[{"name": "Skwintles", "price": "15", "quantity": 3, "subtotal": 45, "product_id": "3", "no_apartado": 2}, {"name": "Vuala", "price": "10", "quantity": 1, "subtotal": 10, "product_id": "2", "no_apartado": 3}]",55.00,dispensed,"2025-06-04 16:40:00",Dispensador_001,NULL
110,a1b2c3d4-e5f6-4789-8123-000000000109,6,"[{"name": "Coca Cola", "price": "20", "quantity": 2, "subtotal": 40, "product_id": "1", "no_apartado": 5}, {"name": "Doritos", "price": "18", "quantity": 1, "subtotal": 18, "product_id": "5", "no_apartado": 4}]",58.00,dispensed,"2025-06-07 20:20:00",Dispensador_001,NULL
111,a1b2c3d4-e5f6-4789-8123-000000000110,3,"[{"name": "Hershey", "price": "25", "quantity": 3, "subtotal": 75, "product_id": "4", "no_apartado": 1}]",75.00,dispensed,"2025-06-09 13:30:00",Dispensador_001,NULL
112,a1b2c3d4-e5f6-4789-8123-000000000111,9,"[{"name": "Vuala", "price": "10", "quantity": 2, "subtotal": 20, "product_id": "2", "no_apartado": 3}, {"name": "Skwintles", "price": "15", "quantity": 2, "subtotal": 30, "product_id": "3", "no_apartado": 2}]",50.00,dispensed,"2025-06-11 08:55:00",Dispensador_001,NULL
113,a1b2c3d4-e5f6-4789-8123-000000000112,5,"[{"name": "Coca Cola", "price": "20", "quantity": 3, "subtotal": 60, "product_id": "1", "no_apartado": 5}, {"name": "Doritos", "price": "18", "quantity": 2, "subtotal": 36, "product_id": "5", "no_apartado": 4}]",96.00,dispensed,"2025-06-13 19:45:00",Dispensador_001,NULL
114,a1b2c3d4-e5f6-4789-8123-000000000113,7,"[{"name": "Hershey", "price": "25", "quantity": 2, "subtotal": 50, "product_id": "4", "no_apartado": 1}, {"name": "Vuala", "price": "10", "quantity": 4, "subtotal": 40, "product_id": "2", "no_apartado": 3}]",90.00,dispensed,"2025-06-15 15:10:00",Dispensador_001,NULL
115,a1b2c3d4-e5f6-4789-8123-000000000114,2,"[{"name": "Skwintles", "price": "15", "quantity": 1, "subtotal": 15, "product_id": "3", "no_apartado": 2}, {"name": "Coca Cola", "price": "20", "quantity": 1, "subtotal": 20, "product_id": "1", "no_apartado": 5}]",35.00,dispensed,"2025-06-16 12:25:00",Dispensador_001,NULL
116,a1b2c3d4-e5f6-4789-8123-000000000115,10,"[{"name": "Doritos", "price": "18", "quantity": 3, "subtotal": 54, "product_id": "5", "no_apartado": 4}, {"name": "Hershey", "price": "25", "quantity": 1, "subtotal": 25, "product_id": "4", "no_apartado": 1}]",79.00,dispensed,"2025-07-01 10:20:00",Dispensador_001,NULL
117,a1b2c3d4-e5f6-4789-8123-000000000116,4,"[{"name": "Vuala", "price": "10", "quantity": 1, "subtotal": 10, "product_id": "2", "no_apartado": 3}, {"name": "Skwintles", "price": "15", "quantity": 2, "subtotal": 30, "product_id": "3", "no_apartado": 2}]",40.00,dispensed,"2025-07-04 14:35:00",Dispensador_001,NULL
118,a1b2c3d4-e5f6-4789-8123-000000000117,8,"[{"name": "Coca Cola", "price": "20", "quantity": 2, "subtotal": 40, "product_id": "1", "no_apartado": 5}, {"name": "Doritos", "price": "18", "quantity": 1, "subtotal": 18, "product_id": "5", "no_apartado": 4}]",58.00,dispensed,"2025-07-06 18:50:00",Dispensador_001,NULL
119,a1b2c3d4-e5f6-4789-8123-000000000118,11,"[{"name": "Hershey", "price": "25", "quantity": 4, "subtotal": 100, "product_id": "4", "no_apartado": 1}]",100.00,dispensed,"2025-07-07 09:15:00",Dispensador_001,NULL
120,a1b2c3d4-e5f6-4789-8123-000000000119,1,"[{"name": "Vuala", "price": "10", "quantity": 3, "subtotal": 30, "product_id": "2", "no_apartado": 3}, {"name": "Skwintles", "price": "15", "quantity": 1, "subtotal": 15, "product_id": "3", "no_apartado": 2}]",45.00,dispensed,"2025-07-09 21:25:00",Dispensador_001,NULL
121,a1b2c3d4-e5f6-4789-8123-000000000120,6,"[{"name": "Coca Cola", "price": "20", "quantity": 1, "subtotal": 20, "product_id": "1", "no_apartado": 5}, {"name": "Doritos", "price": "18", "quantity": 2, "subtotal": 36, "product_id": "5", "no_apartado": 4}]",56.00,dispensed,"2025-07-11 13:40:00",Dispensador_001,NULL
122,a1b2c3d4-e5f6-4789-8123-000000000121,3,"[{"name": "Hershey", "price": "25", "quantity": 1, "subtotal": 25, "product_id": "4", "no_apartado": 1}, {"name": "Vuala", "price": "10", "quantity": 2, "subtotal": 20, "product_id": "2", "no_apartado": 3}]",45.00,dispensed,"2025-07-12 16:05:00",Dispensador_001,NULL
123,a1b2c3d4-e5f6-4789-8123-000000000122,9,"[{"name": "Skwintles", "price": "15", "quantity": 4, "subtotal": 60, "product_id": "3", "no_apartado": 2}]",60.00,dispensed,"2025-07-13 11:30:00",Dispensador_001,NULL
124,a1b2c3d4-e5f6-4789-8123-000000000123,5,"[{"name": "Coca Cola", "price": "20", "quantity": 2, "subtotal": 40, "product_id": "1", "no_apartado": 5}, {"name": "Doritos", "price": "18", "quantity": 1, "subtotal": 18, "product_id": "5", "no_apartado": 4}, {"name": "Hershey", "price": "25", "quantity": 1, "subtotal": 25, "product_id": "4", "no_apartado": 1}]",83.00,dispensed,"2025-07-14 20:15:00",Dispensador_001,NULL
125,a1b2c3d4-e5f6-4789-8123-000000000124,7,"[{"name": "Vuala", "price": "10", "quantity": 5, "subtotal": 50, "product_id": "2", "no_apartado": 3}]",50.00,dispensed,"2025-07-16 08:45:00",Dispensador_001,NULL
126,a1b2c3d4-e5f6-4789-8123-000000000125,2,"[{"name": "Skwintles", "price": "15", "quantity": 2, "subtotal": 30, "product_id": "3", "no_apartado": 2}, {"name": "Coca Cola", "price": "20", "quantity": 3, "subtotal": 60, "product_id": "1", "no_apartado": 5}]",90.00,dispensed,"2025-07-17 15:20:00",Dispensador_001,NULL
127,a1b2c3d4-e5f6-4789-8123-000000000126,10,"[{"name": "Doritos", "price": "18", "quantity": 1, "subtotal": 18, "product_id": "5", "no_apartado": 4}, {"name": "Hershey", "price": "25", "quantity": 2, "subtotal": 50, "product_id": "4", "no_apartado": 1}]",68.00,dispensed,"2025-07-19 12:55:00",Dispensador_001,NULL
128,a1b2c3d4-e5f6-4789-8123-000000000127,4,"[{"name": "Vuala", "price": "10", "quantity": 1, "subtotal": 10, "product_id": "2", "no_apartado": 3}, {"name": "Skwintles", "price": "15", "quantity": 3, "subtotal": 45, "product_id": "3", "no_apartado": 2}]",55.00,dispensed,"2025-07-21 17:10:00",Dispensador_001,NULL
129,a1b2c3d4-e5f6-4789-8123-000000000128,8,"[{"name": "Coca Cola", "price": "20", "quantity": 4, "subtotal": 80, "product_id": "1", "no_apartado": 5}]",80.00,dispensed,"2025-07-22 14:30:00",Dispensador_001,NULL
130,a1b2c3d4-e5f6-4789-8123-000000000129,11,"[{"name": "Doritos", "price": "18", "quantity": 2, "subtotal": 36, "product_id": "5", "no_apartado": 4}, {"name": "Hershey", "price": "25", "quantity": 1, "subtotal": 25, "product_id": "4", "no_apartado": 1}]",61.00,dispensed,"2025-07-23 09:45:00",Dispensador_001,NULL
131,a1b2c3d4-e5f6-4789-8123-000000000130,1,"[{"name": "Vuala", "price": "10", "quantity": 2, "subtotal": 20, "product_id": "2", "no_apartado": 3}, {"name": "Skwintles", "price": "15", "quantity": 1, "subtotal": 15, "product_id": "3", "no_apartado": 2}]",35.00,dispensed,"2025-07-23 16:20:00",Dispensador_001,NULL
132,a1b2c3d4-e5f6-4789-8123-000000000131,6,"[{"name": "Coca Cola", "price": "20", "quantity": 1, "subtotal": 20, "product_id": "1", "no_apartado": 5}]",20.00,pending,"2025-07-24 08:15:00",Dispensador_001,NULL
133,a1b2c3d4-e5f6-4789-8123-000000000132,3,"[{"name": "Doritos", "price": "18", "quantity": 2, "subtotal": 36, "product_id": "5", "no_apartado": 4}]",36.00,paid,"2025-07-24 09:30:00",Dispensador_001,NULL
134,a1b2c3d4-e5f6-4789-8123-000000000133,9,"[{"name": "Hershey", "price": "25", "quantity": 1, "subtotal": 25, "product_id": "4", "no_apartado": 1}, {"name": "Vuala", "price": "10", "quantity": 1, "subtotal": 10, "product_id": "2", "no_apartado": 3}]",35.00,cancelled,"2025-07-24 10:45:00",Dispensador_001,NULL
135,a1b2c3d4-e5f6-4789-8123-000000000134,5,"[{"name": "Skwintles", "price": "15", "quantity": 3, "subtotal": 45, "product_id": "3", "no_apartado": 2}, {"name": "Coca Cola", "price": "20", "quantity": 2, "subtotal": 40, "product_id": "1", "no_apartado": 5}]",85.00,dispensed,"2025-07-24 11:10:00",Dispensador_001,NULL
136,a1b2c3d4-e5f6-4789-8123-000000000135,7,"[{"name": "Doritos", "price": "18", "quantity": 1, "subtotal": 18, "product_id": "5", "no_apartado": 4}]",18.00,dispensed,"2025-03-18 06:30:00",Dispensador_001,NULL
137,a1b2c3d4-e5f6-4789-8123-000000000136,2,"[{"name": "Vuala", "price": "10", "quantity": 4, "subtotal": 40, "product_id": "2", "no_apartado": 3}]",40.00,dispensed,"2025-04-17 23:15:00",Dispensador_001,NULL
138,a1b2c3d4-e5f6-4789-8123-000000000137,10,"[{"name": "Hershey", "price": "25", "quantity": 2, "subtotal": 50, "product_id": "4", "no_apartado": 1}, {"name": "Skwintles", "price": "15", "quantity": 2, "subtotal": 30, "product_id": "3", "no_apartado": 2}]",80.00,dispensed,"2025-05-19 05:45:00",Dispensador_001,NULL
139,a1b2c3d4-e5f6-4789-8123-000000000138,4,"[{"name": "Coca Cola", "price": "20", "quantity": 3, "subtotal": 60, "product_id": "1", "no_apartado": 5}, {"name": "Doritos", "price": "18", "quantity": 1, "subtotal": 18, "product_id": "5", "no_apartado": 4}]",78.00,dispensed,"2025-06-17 22:30:00",Dispensador_001,NULL
140,a1b2c3d4-e5f6-4789-8123-000000000139,8,"[{"name": "Vuala", "price": "10", "quantity": 2, "subtotal": 20, "product_id": "2", "no_apartado": 3}, {"name": "Hershey", "price": "25", "quantity": 3, "subtotal": 75, "product_id": "4", "no_apartado": 1}]",95.00,dispensed,"2025-07-23 18:40:00",Dispensador_001,NULL
141,a1b2c3d4-e5f6-4789-8123-000000000140,11,"[{"name": "Skwintles", "price": "15", "quantity": 1, "subtotal": 15, "product_id": "3", "no_apartado": 2}, {"name": "Coca Cola", "price": "20", "quantity": 1, "subtotal": 20, "product_id": "1", "no_apartado": 5}, {"name": "Doritos", "price": "18", "quantity": 1, "subtotal": 18, "product_id": "5", "no_apartado": 4}]",53.00,dispensed,"2025-07-24 12:00:00",Dispensador_001,NULL
